smooth_p,smooth_a,smooth_b,smooth_N,smooth_order,smooth_bits,smooth_largest_factor,smooth_largest_factor_bits,smooth_num_factors,smooth_time,prime_p,prime_a,prime_b,prime_N,prime_order,prime_bits,prime_time,speedup
34047619,25067796,12079502,34042764,34042764,26,6869,13,5,0.021118974685668944,35061457,4964655,3074491,35066327,35066327,26,0.5533768177032471,26.20282593921386
44696923,19396461,27583514,44698841,44698841,26,3301,12,3,0.01773943901062012,47142727,37854706,6183028,47145359,47145359,26,0.5399140357971192,30.435801012303003
59371997,7710040,38195193,59374662,59374662,26,547,10,5,0.013492965698242187,50886991,15715013,47688426,50885371,50885371,26,0.6078804492950439,45.05165601764157
60765833,40178088,15876996,60769705,60769705,26,1823,11,4,0.009637212753295899,50992709,20342542,46614378,50998819,50998819,26,0.41510663032531736,43.07330770334526
64532161,23077936,13593600,64522198,64522198,26,5527,13,4,0.01310415267944336,66347201,13546403,6094507,66339233,66339233,26,0.5321805000305175,40.611591840299255
80951939,61189591,67666432,80939775,80939775,27,1021,10,5,0.011877155303955078,105222443,19895156,56438440,105232627,105232627,27,0.7471503734588623,62.906508699946194
83574683,6066349,39306681,83557916,83557916,27,191,8,5,0.011350774765014648,91098347,19763696,34017799,91087861,91087861,27,0.6792049884796143,59.83776460555446
86988907,70411317,30254210,86990219,86990219,27,2237,12,3,0.009803962707519532,93702979,65893031,6419799,93708829,93708829,27,0.6728429317474365,68.62969105659423
95655883,25248456,54837943,95645378,95645378,27,1019,10,4,0.01037459373474121,67861271,48688883,64220952,67857637,67857637,27,0.4771846294403076,45.995500319435955
125319647,101267300,103260932,125329032,125329032,27,367,9,5,0.014005088806152343,103155379,3668519,4360203,103158119,103158119,27,0.5797638416290283,41.39665586228499
160025891,147916424,115635831,160015744,160015744,28,659,10,4,0.013409185409545898,198884107,160935716,32915496,198896059,198896059,28,0.9486864089965821,70.74899630526545
175573633,120602270,127798434,175588683,175588683,28,1483,11,4,0.011148452758789062,207529909,107200577,60853045,207528169,207528169,28,0.9959613800048828,89.33628742514969
195613753,95114804,33483260,195602041,195602041,28,3433,12,3,0.009856271743774413,201408199,65599792,94232613,201404233,201404233,28,0.9489589214324952,96.27970353312273
245220827,205814093,141575342,245225875,245225875,28,1307,11,4,0.012529373168945312,180022069,139611008,30327647,180024049,180024049,28,0.9460922718048096,75.50994443598721
245986469,190455531,166063058,245994920,245994920,28,701,10,5,0.012500333786010741,193561729,75642087,66472516,193546321,193546321,28,0.9498985767364502,75.98985699081827
294722401,145260843,285986851,294695704,294695704,29,8819,14,3,0.017356204986572265,496400321,281197149,444873449,496375547,496375547,29,1.4448821067810058,83.24873484144995
306582257,77018086,131436431,306595695,306595695,29,8513,14,4,0.017012310028076173,351442831,57636703,276043032,351420989,351420989,29,1.2168183326721191,71.52575580059084
452895257,280774641,408676868,452893425,452893425,29,9787,14,4,0.01713533401489258,419242339,48547754,293045562,419269261,419269261,29,1.4186690330505372,82.79202680365321
460928173,456120035,45261015,460923736,460923736,29,709,10,6,0.014618349075317384,497163731,5236762,216820258,497154641,497154641,29,1.3225619792938232,90.47273207662874
479304029,406501483,234178331,479327873,479327873,29,1427,11,3,0.010536861419677735,504478817,110845150,430665826,504461861,504461861,29,1.3323655605316163,126.4480481866645
625418291,39756858,373514334,625381146,625381146,30,2423,12,5,0.015217113494873046,567216323,119349154,484869704,567223733,567223733,30,1.9588139057159424,128.724406660692
753002423,202289563,634149365,752987703,752987703,30,6287,13,5,0.013149118423461914,811420069,308658976,161945860,811405981,811405981,30,2.3467023372650146,178.46841603295655
953142431,827390431,640035850,953093067,953093067,30,461,9,5,0.013832902908325196,790912819,627273629,145865971,790944403,790944403,30,1.756181240081787,126.95681099770077
1027024807,115668544,599602317,1027034316,1027034316,30,5881,13,5,0.02677006721496582,545416357,471192583,218490543,545396461,545396461,30,1.564958143234253,58.459253414177546
1040491423,543016553,596096005,1040514274,1040514274,30,7477,13,4,0.017066764831542968,732386821,99553763,136539898,732349483,732349483,30,2.081516885757446,121.96317851115904
1356736753,885699885,1327121462,1356761796,1356761796,31,233,8,6,0.014699316024780274,2143798021,1969518380,585520698,2143826903,2143826903,31,3.166116142272949,215.39207245666904
1584754169,1059058231,1403324931,1584736125,1584736125,31,1061,11,5,0.015413379669189453,1766681113,708157595,1301635845,1766691431,1766691431,31,2.5185103893280028,163.39767418837897
1634586419,1606311342,69598664,1634535574,1634535574,31,6619,13,5,0.015370702743530274,2083911839,1143132684,1706103638,2083926241,2083926241,31,3.0283456325531004,197.0206361467611
1708489333,1576794874,736259031,1708520510,1708520510,31,8863,14,5,0.017533254623413087,1625665381,895083623,112943244,1625677201,1625677201,31,2.5497817039489745,145.42546485032594
1985104651,1521120484,397063451,1985123326,1985123326,31,6551,13,4,0.015766239166259764,1951750891,382666639,1005470359,1951734923,1951734923,31,3.1633846282958986,200.6429431227733
2522177479,2386258142,1401633614,2522235025,2522235025,32,5849,13,4,0.021714115142822267,3334310029,2869054799,1090150744,3334310821,3334310821,32,4.453271436691284,205.08647980359171
2584371073,2110223951,1868848035,2584438878,2584438878,32,2803,12,6,0.018827438354492188,2708565257,1218578147,1409207965,2708533943,2708533943,32,4.2953320980072025,228.14214112045389
2748498499,149729445,2604775282,2748439281,2748439281,32,6337,13,5,0.018684196472167968,3936772519,2047211715,406178550,3936802333,3936802333,32,4.185321235656739,224.0032768811442
3754698667,1619595542,838273914,3754653849,3754653849,32,1889,11,4,0.017158317565917968,2209370857,1321293883,1886015765,2209308679,2209308679,32,2.8597885608673095,166.67068609033004
4107371269,2571267867,1333727219,4107398860,4107398860,32,409,9,6,0.017974328994750977,2770560869,525716212,145938140,2770549169,2770549169,32,4.44132981300354,247.09294095487715
4855014623,740499463,1432254221,4854918624,4854918624,33,3793,12,5,0.019391775131225586,5714684893,1050169355,3204917404,5714810279,5714810279,33,5.935965490341187,306.1073805864634
5902041697,2408119643,688475961,5901960024,5901960024,33,3037,12,4,0.022104549407958984,8494257911,5583350642,5712108775,8494394501,8494394501,33,6.70790810585022,303.46278415586994
6272991299,5732589828,1952091291,6272917640,6272917640,33,5477,13,6,0.02192544937133789,5841204893,4449167473,3189946634,5841172999,5841172999,33,6.799891424179077,310.1369239468476
6391499759,2768528063,4753122319,6391474260,6391474260,33,1627,11,6,0.01887688636779785,5853547339,4365613246,1092133562,5853486517,5853486517,33,5.7596022605896,305.1139975295357
7798853189,7186487639,6445124233,7799016690,7799016690,33,5503,13,6,0.02281670570373535,6152475943,5175634019,1181284745,6152408599,6152408599,33,5.7616997241973875,252.52110444910252
10439221711,7254684997,8492775293,10439176077,10439176077,34,5261,13,5,0.020591545104980468,16059843491,1270466336,3306827705,16059818639,16059818639,34,9.76623740196228,474.2838554451227
10746268657,1921666015,10614455926,10746172149,10746172149,34,1171,11,5,0.01597762107849121,16104566321,11618342306,4411192782,16104447199,16104447199,34,9.496217823028564,594.344913825263
12569341063,2435142251,8272404468,12569318578,12569318578,34,7829,13,4,0.020855283737182616,11605973713,5194049452,10154252479,11606128433,11606128433,34,8.681973743438721,416.29612202109445
14620699109,4060192536,5654817447,14620511909,14620511909,34,1231,11,4,0.01914534568786621,13652235287,2559995448,13213694042,13652312617,13652312617,34,9.687834882736206,506.01514543955653
15298787173,6525814280,15032503209,15298674318,15298674318,34,4721,13,5,0.023703813552856445,11487653767,10451736681,7464354458,11487505741,11487505741,34,8.830828857421874,372.5488659337564
22017282731,14106680756,21105859296,22017039178,22017039178,35,7537,13,4,0.022266292572021486,17841049637,14501649861,14940824471,17840848141,17840848141,35,11.1582537651062,501.12760034093
26292336043,20662315759,13441848548,26292205670,26292205670,35,877,10,6,0.01738438606262207,18398890591,12415024696,17787862611,18398947997,18398947997,35,11.103141784667969,638.6847222946045
29493662689,10622157737,13842325068,29493795804,29493795804,35,1439,11,7,0.021013402938842775,18025994011,12859002709,7575818382,18026028103,18026028103,35,10.406452941894532,495.2293054190881
29842400377,3273825910,3971781572,29842263634,29842263634,35,1097,11,5,0.017913246154785158,18573016279,4557614827,10600824673,18572830739,18572830739,35,9.14941143989563,510.76233535994544
33514009129,6380930721,9281492320,33514217716,33514217716,35,107,7,7,0.0314793586730957,26346726779,14039261607,7349144330,26346529249,26346529249,35,11.41154613494873,362.50885075056425
